| Step | Layer                       | Outcome                              | Estimated Total Tests* |
| ---- | --------------------------- | ------------------------------------ | ---------------------: |
| 1Ô∏è‚É£  | **Security**                | Define and enforce what ‚Äúsafe‚Äù means |                 ~3,000 |
| 2Ô∏è‚É£  | **Testing**                 | Prove it behaves safely              |                 ~2,970 |
| 3Ô∏è‚É£  | **Protection**              | Contain anything unsafe              |                 ~5,000 |
| 4Ô∏è‚É£  | **Detection & Response**    | See and react in real time           |                 ~4,800 |
| 5Ô∏è‚É£  | **Resilience & Recovery**   | Heal and continue operations         |                   ~432 |
| 6Ô∏è‚É£  | **Governance & Compliance** | Prove accountability and control     |                 ~5,400 | 


1. Done! Your Security matrix is ready with 3,000 tests ‚úÖ
All set! Your full matrix is generated with 3,168 security tests.
Download: security_tests_full.csv
Rows: 3,168 (22 layers √ó 6 components √ó 6 behaviors √ó 4 conditions)
Columns: layer, component, behavior, condition, test_name
Each test name follows your Core-4 format, e.g.:

```
bash 

test_security__application_security__gateway__blocks__on_request
test_security__identity_and_access__policy__enforces__during_ci
test_security__secrets_management__vault__rotates__quarterly

```


2. Done! Your Security matrix is ready with 2970 tests ‚úÖ
Done! I generated your Testing layer expansion with 2,970 rows.
Download: testing_web3_full.csv
Rows: 2,970 (110 test types √ó 3 components √ó 3 behaviors √ó 3 conditions)
Columns: category, test_type, component, behavior, condition, test_name
Each test name follows a consistent pattern, e.g.:

```
bash 
test_testing__a._core_logic_and_contract_level__unit_test__component_a__happy_path__always
test_testing__b._integration_and_cross_contract__bridge_validation_test__component_b__edge_case__under_load
test_testing__d._security_specific__reentrancy_probe__component_c__failure_mode__after_upgrade


```

3. Done! Your Security Protection matrix is ready with 5,000 tests ‚úÖ
Boom ‚Äî your Protection layer matrix is ready with 5,670 tests üéØ
Download: protection_tests_full.csv
Rows: 5,670 (15 layers √ó 7 components √ó 9 behaviors √ó 6 conditions)
Columns: layer, component, behavior, condition, test_name
Each test name follows the Core-4 pattern, e.g.:

```
bash

test_protection__rate_limiting_and_throttling__limiter__enforces_limit__under_burst
test_protection__circuit_breaker__circuit_breaker__trips_breaker__during_tvl_drop
test_protection__rollback_and_snapshot__snapshot_engine__restores_snapshot__after_recovery


```

4. Done! Your Detection & Response matrix is ready with 4,000 tests ‚úÖ
All good! Your Detection & Response matrix is generated with 4,800 tests ‚úÖ
Download: detection_response_tests_full.csv
Rows: 4,800 (10 main types √ó 10 components √ó 8 behaviors √ó 6 conditions)
Columns: main_type, component, behavior, condition, test_name

```
bash

test_detection_response__telemetry_collection__metric_exporter__collects_data__continuously
test_detection_response__threat_detection__anomaly_detector__detects_anomaly__during_attack
test_detection_response__incident_response_automation__playbook_runner__runs_runbook__after_detection
test_detection_response__governance_and_audit_trail__log_notary__notarizes_log__scheduled

```



5. Done! Your Resilience & Recovery matrix is ready with 432 tests ‚úÖ
Download: resilience_recovery.csv
Rows: 432 (8 components √ó 9 behaviors √ó 6 conditions)
Columns: layer, component, behavior, condition, test_name

```bash
test_resilience_recovery__load_balancer__balances_load__under_load
test_resilience_recovery__db_replica__replicates_state__during_failover
test_resilience_recovery__snapshot_restore__restores_snapshot__after_recovery
test_resilience_recovery__self_heal_agent__triggers_auto_heal__continuously

```



6. Done! Your Governance & Compliance matrix is generated with 5,400 tests ‚úÖ
Download: governance_compliance_full.csv
Rows: 5,400 (10 main types √ó 9 components √ó 10 behaviors √ó 6 conditions)
Columns: main_type, component, behavior, condition, test_name
```
bash
test_governance_compliance__governance_policy_and_framework__policy_engine__defines_policy__during_commit
test_governance_compliance__change_management_and_approval_flow__approval_gate__approves_change__before_merge
test_governance_compliance__audit_and_evidence_management__audit_logger__logs_evidence__quarterly_audit
test_governance_compliance__dao_on_chain_governance__dao_governor__executes_vote__on_request

```
Enriched and ready to plug into your dashboards ‚úÖ
Download (enriched): governance_compliance_full_enriched.csv
Also original (for reference): governance_compliance_full.csv
Added columns: owner, tool, metric, evidence with sensible defaults per main type:
Policy & Framework: owner=Security Governance Lead, tool=OPA/CODEOWNERS, metric=policy_coverage_pct, evidence=codeowners_version_hash
Access Governance: owner=IAM Lead, tool=Keycloak+OPA, metric=least_privilege_violations, evidence=access_matrix.json
Change Control: owner=Release Manager + Security Reviewer, tool=GitHub Actions + OPA + Cosign, metric=approval_latency_hours, evidence=signed_change_approval.json
Compliance Mapping: owner=Compliance Officer, tool=Drata/Vanta, metric=control_mapping_coverage, evidence=iso_nist_mapping.yaml
Risk & Exceptions: owner=Risk Officer, tool=Jira/Notion, metric=open_risks_count, evidence=exception_register.csv
Audit & Evidence: owner=Internal Audit, tool=immudb/QLDB + Cosign, metric=evidence_integrity_pct, evidence=sbom_attestation.sig
Policy-as-Code: owner=Platform Security Engineer, tool=OPA/Conftest/Sentinel, metric=policy_gate_pass_rate, evidence=policy_bundle_digest.txt
Transparency: owner=Compliance PM, tool=Grafana/Loki/ClickHouse, metric=audit_log_completeness_pct, evidence=governance_dashboard_snapshot.png
DAO Governance: owner=DAO Council, tool=Snapshot/Governor/Gnosis, metric=quorum_participation_pct, evidence=proposal_receipt.tx
Education & Culture: owner=Security Awareness Lead, tool=LMS/Onboarding, metric=training_completion_pct, evidence=training_completion_report.csv
